tourney_id,tourney_name,surface,draw_size,tourney_level,tourney_date,match_num,winner_id,winner_seed,winner_entry,winner_name,winner_hand,winner_ht,winner_ioc,winner_age,loser_id,loser_seed,loser_entry,loser_name,loser_hand,loser_ht,loser_ioc,loser_age,score,best_of,round,minutes,w_ace,w_df,w_svpt,w_1stIn,w_1stWon,w_2ndWon,w_SvGms,w_bpSaved,w_bpFaced,l_ace,l_df,l_svpt,l_1stIn,l_1stWon,l_2ndWon,l_SvGms,l_bpSaved,l_bpFaced,winner_rank,winner_rank_points,loser_rank,loser_rank_points,year,winner_country,loser_country,winner_lat,winner_long,loser_lat,loser_long
2004-403,Miami Masters,Hard,96,M,20040322,65,104745,32,NA,Rafael Nadal,L,185,ESP,17.8015058179,103819,1,NA,Roger Federer,R,185,SUI,22.6201232033,6-3 6-3,3,R32,70,1,2,48,39,31,5,9,0,0,8,2,56,34,21,13,9,4,7,34,973,1,5635,2004,Spain,Switzerland,40.463667,-3.74922,46.818188,8.227512
2005-403,Miami Masters,Hard,96,M,20050321,95,103819,1,NA,Roger Federer,R,185,SUI,23.6167008898,104745,29,NA,Rafael Nadal,L,185,ESP,18.7980835044,2-6 6-7(4) 7-6(5) 6-3 6-1,5,F,223,9,9,151,90,67,30,24,4,9,4,4,156,100,64,32,24,6,13,1,6050,31,1065,2005,Switzerland,Spain,46.818188,8.227512,40.463667,-3.74922
2005-520,Roland Garros,Clay,128,G,20050523,125,104745,4,NA,Rafael Nadal,L,185,ESP,18.970568104,103819,1,NA,Roger Federer,R,185,SUI,23.7891854894,6-3 4-6 6-4 6-3,5,SF,167,2,4,120,88,54,16,19,6,12,3,5,119,74,47,17,19,4,13,5,2600,1,6605,2005,Spain,Switzerland,40.463667,-3.74922,46.818188,8.227512
2006-410,Monte Carlo Masters,Clay,64,M,20060417,1,103819,1,NA,Roger Federer,R,185,SUI,24.6899383984,104925,NA,Q,Novak Djokovic,R,188,SRB,18.9048596851,6-3 2-6 6-3,3,R64,109,1,0,73,39,28,21,13,0,2,1,4,94,61,36,19,13,8,11,1,6810,67,606,2006,Switzerland,Serbia,46.818188,8.227512,44.016521,21.005859
2006-410,Monte Carlo Masters,Clay,64,M,20060417,63,104745,2,NA,Rafael Nadal,L,185,ESP,19.871321013,103819,1,NA,Roger Federer,R,185,SUI,24.6899383984,6-2 6-7(2) 6-3 7-6(5),5,F,230,1,4,152,106,70,24,21,14,18,3,3,143,86,54,28,20,7,14,2,4135,1,6810,2006,Spain,Switzerland,40.463667,-3.74922,46.818188,8.227512
2006-416,Rome Masters,Clay,64,M,20060508,63,104745,2,NA,Rafael Nadal,L,185,ESP,19.9288158795,103819,1,NA,Roger Federer,R,185,SUI,24.7474332649,6-7(0) 7-6(5) 6-4 2-6 7-6(5),5,F,305,4,1,173,147,101,14,27,6,10,10,0,180,112,86,35,27,6,9,2,4135,1,7160,2006,Spain,Switzerland,40.463667,-3.74922,46.818188,8.227512
2006-495,Dubai,Hard,32,A,20060227,31,104745,2,NA,Rafael Nadal,L,185,ESP,19.7371663244,103819,1,NA,Roger Federer,R,185,SUI,24.5557837098,2-6 6-4 6-4,3,F,113,1,1,80,56,38,13,14,0,3,9,0,69,41,33,16,14,2,5,2,4455,1,6725,2006,Spain,Switzerland,40.463667,-3.74922,46.818188,8.227512
2006-520,Roland Garros,Clay,128,G,20060529,124,104745,2,NA,Rafael Nadal,L,185,ESP,19.9863107461,104925,NA,NA,Novak Djokovic,R,188,SRB,19.0198494182,6-4 6-4 RET,5,QF,114,3,0,59,47,30,7,10,3,6,2,3,67,49,27,4,10,2,7,2,4545,63,627,2006,Spain,Serbia,40.463667,-3.74922,44.016521,21.005859
2006-520,Roland Garros,Clay,128,G,20060529,127,104745,2,NA,Rafael Nadal,L,185,ESP,19.9863107461,103819,1,NA,Roger Federer,R,185,SUI,24.8049281314,1-6 6-1 6-4 7-6(4),5,F,182,3,0,111,85,59,17,18,7,10,8,1,119,72,49,25,18,8,12,2,4545,1,7010,2006,Spain,Switzerland,40.463667,-3.74922,46.818188,8.227512
2006-540,Wimbledon,Grass,128,G,20060626,127,103819,1,NA,Roger Federer,R,185,SUI,24.8815879535,104745,2,NA,Rafael Nadal,L,185,ESP,20.0629705681,6-0 7-6(5) 6-7(2) 6-3,5,F,178,13,1,119,83,64,20,20,1,3,9,3,127,94,64,14,19,4,10,1,7260,2,4545,2006,Switzerland,Spain,46.818188,8.227512,40.463667,-3.74922
2006-605,Masters Cup,Hard,8,F,20061113,4,103819,NA,NA,Roger Federer,R,185,SUI,25.2648870637,104745,NA,NA,Rafael Nadal,L,185,ESP,20.4462696783,6-4 7-5,3,SF,113,7,4,60,37,32,10,11,1,2,0,2,80,55,33,14,11,8,11,1,7620,2,4270,2006,Switzerland,Spain,46.818188,8.227512,40.463667,-3.74922
2006-D023,Davis Cup WG PO: SUI vs SCG,Hard,4,D,20060922,4,103819,NA,NA,Roger Federer,R,185,SUI,25.1115674196,104925,NA,NA,Novak Djokovic,R,188,SRB,19.3264887064,6-3 6-2 6-3,5,RR,NA,NA,NA,NA,NA,NA,NA,NA,NA,NA,NA,NA,NA,NA,NA,NA,NA,NA,NA,1,7295,21,1183,2006,Switzerland,Serbia,46.818188,8.227512,44.016521,21.005859
2007-403,Miami Masters,Hard,96,M,20070319,92,104925,10,NA,Novak Djokovic,R,188,SRB,19.8247775496,104745,2,NA,Rafael Nadal,L,185,ESP,20.7912388775,6-3 6-4,3,QF,97,7,0,65,45,29,15,10,4,5,1,1,54,40,28,5,9,4,7,10,2060,2,4755,2007,Serbia,Spain,44.016521,21.005859,40.463667,-3.74922
2007-404,Indian Wells Masters,Hard,96,M,20070305,95,104745,2,NA,Rafael Nadal,L,185,ESP,20.7529089665,104925,12,NA,Novak Djokovic,R,188,SRB,19.7864476386,6-2 7-5,3,F,94,2,1,65,44,32,14,10,3,3,3,2,51,26,20,11,10,1,4,2,4480,13,1715,2007,Spain,Serbia,40.463667,-3.74922,44.016521,21.005859
2007-410,Monte Carlo Masters,Clay,56,M,20070415,55,104745,2,NA,Rafael Nadal,L,185,ESP,20.8678986995,103819,1,NA,Roger Federer,R,185,SUI,25.6865160849,6-4 6-4,3,F,95,1,1,66,52,38,8,10,3,3,3,4,66,36,26,13,10,6,8,2,4875,1,7290,2007,Spain,Switzerland,40.463667,-3.74922,46.818188,8.227512
2007-414,Hamburg Masters,Clay,56,M,20070514,55,103819,1,NA,Roger Federer,R,185,SUI,25.7631759069,104745,2,NA,Rafael Nadal,L,185,ESP,20.9445585216,2-6 6-2 6-0,3,F,115,6,0,73,38,29,17,11,5,7,1,1,79,62,32,8,11,6,11,1,7015,2,4875,2007,Switzerland,Spain,46.818188,8.227512,40.463667,-3.74922
2007-416,Rome Masters,Clay,56,M,20070507,52,104745,2,NA,Rafael Nadal,L,185,ESP,20.9253935661,104925,5,NA,Novak Djokovic,R,188,SRB,19.9589322382,6-2 6-3,3,QF,101,2,2,46,34,28,5,8,1,1,1,1,67,48,27,6,9,8,12,2,4875,5,2720,2007,Spain,Serbia,40.463667,-3.74922,44.016521,21.005859
2007-421,Canada Masters,Hard,56,M,20070805,54,104925,3,NA,Novak Djokovic,R,188,SRB,20.2080766598,104745,2,NA,Rafael Nadal,L,185,ESP,21.1745379877,7-5 6-3,3,SF,111,11,2,71,46,37,15,11,8,8,2,2,61,42,26,11,10,2,4,4,3200,2,5455,2007,Serbia,Spain,44.016521,21.005859,40.463667,-3.74922
2007-421,Canada Masters,Hard,56,M,20070805,55,104925,3,NA,Novak Djokovic,R,188,SRB,20.2080766598,103819,1,NA,Roger Federer,R,185,SUI,25.993155373,7-6(2) 2-6 7-6(2),3,F,133,6,3,96,63,44,19,16,4,9,15,1,102,69,53,14,16,3,6,4,3200,1,7290,2007,Serbia,Switzerland,44.016521,21.005859,46.818188,8.227512
2007-495,Dubai,Hard,32,A,20070226,25,103819,1,NA,Roger Federer,R,185,SUI,25.5523613963,104925,7,NA,Novak Djokovic,R,188,SRB,19.7672826831,6-3 6-7(6) 6-3,3,QF,123,8,1,100,62,46,22,16,3,5,6,4,98,63,42,17,14,3,7,1,8120,14,1665,2007,Switzerland,Serbia,46.818188,8.227512,44.016521,21.005859
2007-520,Roland Garros,Clay,128,G,20070528,126,104745,2,NA,Rafael Nadal,L,185,ESP,20.9828884326,104925,6,NA,Novak Djokovic,R,188,SRB,20.0164271047,7-5 6-4 6-2,5,SF,148,3,1,86,61,45,15,15,4,6,3,1,95,68,39,10,15,3,9,2,5225,6,2810,2007,Spain,Serbia,40.463667,-3.74922,44.016521,21.005859
2007-520,Roland Garros,Clay,128,G,20070528,127,104745,2,NA,Rafael Nadal,L,185,ESP,20.9828884326,103819,1,NA,Roger Federer,R,185,SUI,25.8015058179,6-3 4-6 6-3 6-4,5,F,190,2,1,137,106,74,17,19,16,17,9,1,118,76,50,23,19,6,10,2,5225,1,7515,2007,Spain,Switzerland,40.463667,-3.74922,46.818188,8.227512
2007-540,Wimbledon,Grass,128,G,20070625,126,104745,2,NA,Rafael Nadal,L,185,ESP,21.0595482546,104925,4,NA,Novak Djokovic,R,188,SRB,20.0930869268,3-6 6-1 4-1 RET,5,SF,101,4,0,55,32,25,13,10,1,2,7,2,77,50,33,11,11,6,10,2,5225,5,3010,2007,Spain,Serbia,40.463667,-3.74922,44.016521,21.005859
2007-540,Wimbledon,Grass,128,G,20070625,127,103819,1,NA,Roger Federer,R,185,SUI,25.87816564,104745,2,NA,Rafael Nadal,L,185,ESP,21.0595482546,7-6(7) 4-6 7-6(3) 2-6 6-2,5,F,225,24,3,156,111,79,28,25,7,11,1,2,167,118,81,28,25,5,8,1,7290,2,5225,2007,Switzerland,Spain,46.818188,8.227512,40.463667,-3.74922
2007-560,US Open,Hard,128,G,20070827,127,103819,1,NA,Roger Federer,R,185,SUI,26.0506502396,104925,3,NA,Novak Djokovic,R,188,SRB,20.2655715264,7-6(4) 7-6(2) 6-4,5,F,144,11,4,106,66,52,25,17,7,9,5,7,116,64,45,29,17,2,5,1,7605,3,3670,2007,Switzerland,Serbia,46.818188,8.227512,44.016521,21.005859
2007-580,Australian Open,Hard,128,G,20070115,113,103819,1,NA,Roger Federer,R,185,SUI,25.4373716632,104925,14,NA,Novak Djokovic,R,188,SRB,19.65229295,6-2 7-5 6-3,5,R16,110,12,1,80,50,40,20,15,1,2,7,2,101,62,38,18,14,3,8,1,8120,15,1530,2007,Switzerland,Serbia,46.818188,8.227512,44.016521,21.005859
2007-605,Masters Cup,Hard,8,F,20071112,3,104745,NA,NA,Rafael Nadal,L,185,ESP,21.4428473648,104925,NA,NA,Novak Djokovic,R,188,SRB,20.476386037,6-4 6-4,3,RR,104,3,0,56,39,31,10,10,3,4,9,0,69,44,27,14,10,5,8,2,5535,3,4470,2007,Spain,Serbia,40.463667,-3.74922,44.016521,21.005859
2007-605,Masters Cup,Hard,8,F,20071112,4,103819,NA,NA,Roger Federer,R,185,SUI,26.2614647502,104745,NA,NA,Rafael Nadal,L,185,ESP,21.4428473648,6-4 6-1,3,SF,59,11,0,48,39,32,5,9,1,1,1,1,39,28,17,6,8,1,4,1,6530,2,5535,2007,Switzerland,Spain,46.818188,8.227512,40.463667,-3.74922
2008-311,Queen's Club,Grass,56,A,20080609,55,104745,1,NA,Rafael Nadal,L,185,ESP,22.0177960301,104925,2,NA,Novak Djokovic,R,188,SRB,21.0513347023,7-6(6) 7-5,3,F,136,3,0,82,50,34,16,12,5,8,4,0,90,69,42,10,12,9,13,2,5585,3,5225,2008,Spain,Serbia,40.463667,-3.74922,44.016521,21.005859
2008-404,Indian Wells Masters,Hard,96,M,20080313,94,104925,3,NA,Novak Djokovic,R,188,SRB,20.8021902806,104745,2,NA,Rafael Nadal,L,185,ESP,21.7686516085,6-3 6-2,3,SF,88,8,0,50,31,25,11,9,2,3,2,2,51,31,18,8,8,3,7,3,5130,2,5980,2008,Serbia,Spain,44.016521,21.005859,40.463667,-3.74922
2008-410,Monte Carlo Masters,Clay,56,M,20080420,53,103819,1,NA,Roger Federer,R,185,SUI,26.7022587269,104925,3,NA,Novak Djokovic,R,188,SRB,20.9171800137,6-3 3-2 RET,3,SF,72,1,0,42,22,18,10,7,3,4,2,3,62,37,22,10,7,2,5,1,6425,3,4725,2008,Switzerland,Serbia,46.818188,8.227512,44.016521,21.005859
2008-410,Monte Carlo Masters,Clay,56,M,20080420,55,104745,2,NA,Rafael Nadal,L,185,ESP,21.8836413415,103819,1,NA,Roger Federer,R,185,SUI,26.7022587269,7-5 7-5,3,F,103,1,2,63,51,32,5,12,1,5,5,0,75,47,28,8,12,1,7,2,5455,1,6425,2008,Spain,Switzerland,40.463667,-3.74922,46.818188,8.227512
2008-414,Hamburg Masters,Clay,56,M,20080511,54,104745,2,NA,Rafael Nadal,L,185,ESP,21.9411362081,104925,3,NA,Novak Djokovic,R,188,SRB,20.9746748802,7-5 2-6 6-2,3,SF,183,3,2,110,82,47,14,14,15,19,0,0,93,60,35,15,14,4,9,2,5435,3,5125,2008,Spain,Serbia,40.463667,-3.74922,44.016521,21.005859
2008-414,Hamburg Masters,Clay,56,M,20080511,55,104745,2,NA,Rafael Nadal,L,185,ESP,21.9411362081,103819,1,NA,Roger Federer,R,185,SUI,26.7597535934,7-5 6-7(3) 6-3,3,F,172,3,3,101,77,51,8,17,3,7,7,0,118,72,48,16,16,11,17,2,5435,1,6825,2008,Spain,Switzerland,40.463667,-3.74922,46.818188,8.227512
2008-422,Cincinnati Masters,Hard,56,M,20080728,54,104925,3,NA,Novak Djokovic,R,188,SRB,21.1854893908,104745,2,NA,Rafael Nadal,L,185,ESP,22.1519507187,6-1 7-5,3,SF,86,4,0,57,32,23,19,10,1,1,2,1,45,26,19,9,9,1,4,3,5055,2,6305,2008,Serbia,Spain,44.016521,21.005859,40.463667,-3.74922
2008-520,Roland Garros,Clay,128,G,20080525,126,104745,2,NA,Rafael Nadal,L,185,ESP,21.9794661191,104925,3,NA,Novak Djokovic,R,188,SRB,21.0130047912,6-4 6-2 7-6(3),5,SF,169,0,0,98,71,47,19,15,4,6,2,1,100,54,31,27,15,9,14,2,5585,3,5225,2008,Spain,Serbia,40.463667,-3.74922,44.016521,21.005859
2008-520,Roland Garros,Clay,128,G,20080525,127,104745,2,NA,Rafael Nadal,L,185,ESP,21.9794661191,103819,1,NA,Roger Federer,R,185,SUI,26.7980835044,6-1 6-3 6-0,5,F,108,0,0,67,50,35,11,11,3,4,2,0,77,53,26,5,11,9,17,2,5585,1,6675,2008,Spain,Switzerland,40.463667,-3.74922,46.818188,8.227512
2008-540,Wimbledon,Grass,128,G,20080623,127,104745,2,NA,Rafael Nadal,L,185,ESP,22.0561259411,103819,1,NA,Roger Federer,R,185,SUI,26.8747433265,6-4 6-4 6-7(5) 6-7(8) 9-7,5,F,288,6,3,218,160,111,34,30,12,13,25,2,195,127,92,39,30,9,13,2,5755,1,6900,2008,Spain,Switzerland,40.463667,-3.74922,46.818188,8.227512
2008-560,US Open,Hard,128,G,20080825,126,103819,2,NA,Roger Federer,R,185,SUI,27.0472279261,104925,3,NA,Novak Djokovic,R,188,SRB,21.2621492129,6-3 5-7 7-5 6-2,5,SF,164,20,1,125,80,61,27,21,2,4,6,5,124,80,57,20,20,7,12,2,5930,3,5105,2008,Switzerland,Serbia,46.818188,8.227512,44.016521,21.005859
2008-580,Australian Open,Hard,128,G,20080114,125,104925,3,NA,Novak Djokovic,R,188,SRB,20.6488706366,103819,1,NA,Roger Federer,R,185,SUI,26.4339493498,7-5 6-3 7-6(5),5,SF,146,13,6,113,77,60,15,17,7,9,10,2,109,68,48,18,16,7,11,3,4315,1,7180,2008,Serbia,Switzerland,44.016521,21.005859,46.818188,8.227512
2008-96,Beijing Olympics,Hard,64,A,20080811,62,104745,2,NA,Rafael Nadal,L,185,ESP,22.1902806297,104925,3,NA,Novak Djokovic,R,188,SRB,21.2238193018,6-4 1-6 6-4,3,SF,131,3,1,75,54,33,14,13,1,4,9,5,85,54,39,15,14,4,7,2,6305,3,4905,2008,Spain,Serbia,40.463667,-3.74922,44.016521,21.005859
2009-1536,Madrid Masters,Clay,56,M,20090510,53,104745,1,NA,Rafael Nadal,L,185,ESP,22.9377138946,104925,3,NA,Novak Djokovic,R,188,SRB,21.9712525667,3-6 7-6(5) 7-6(9),3,SF,243,4,4,133,101,72,16,16,6,8,7,3,112,69,56,24,17,1,2,1,15360,4,8920,2009,Spain,Serbia,40.463667,-3.74922,44.016521,21.005859
2009-1536,Madrid Masters,Clay,56,M,20090510,55,103819,2,NA,Roger Federer,R,185,SUI,27.7563312799,104745,1,NA,Rafael Nadal,L,185,ESP,22.9377138946,6-4 6-4,3,F,86,6,3,67,42,29,17,10,4,4,1,1,54,43,32,5,10,0,2,2,10170,1,15360,2009,Switzerland,Spain,46.818188,8.227512,40.463667,-3.74922
2009-328,Basel,Hard,32,A,20091102,31,104925,2,NA,Novak Djokovic,R,188,SRB,22.4503764545,103819,1,NA,Roger Federer,R,185,SUI,28.2354551677,6-4 4-6 6-2,3,F,131,6,7,98,63,45,19,14,9,11,10,1,86,61,42,11,14,4,8,3,7890,1,10055,2009,Serbia,Switzerland,44.016521,21.005859,46.818188,8.227512
2009-352,Paris Masters,Hard,48,M,20091108,46,104925,3,NA,Novak Djokovic,R,188,SRB,22.46954141,104745,2,NA,Rafael Nadal,L,185,ESP,23.4360027379,6-2 6-3,3,SF,77,4,4,50,29,24,13,9,0,0,4,2,38,25,14,6,8,0,3,3,8300,2,8845,2009,Serbia,Spain,44.016521,21.005859,40.463667,-3.74922
2009-403,Miami Masters,Hard,96,M,20090325,94,104925,3,NA,Novak Djokovic,R,188,SRB,21.8370978782,103819,2,NA,Roger Federer,R,185,SUI,27.6221765914,3-6 6-2 6-3,3,SF,106,4,4,73,51,35,12,13,2,6,4,4,80,48,28,13,13,4,10,3,8420,2,10910,2009,Serbia,Switzerland,44.016521,21.005859,46.818188,8.227512
2009-410,Monte Carlo Masters,Clay,56,M,20090412,55,104745,1,NA,Rafael Nadal,L,185,ESP,22.861054072600002,104925,3,NA,Novak Djokovic,R,188,SRB,21.8945927447,6-3 2-6 6-1,3,F,163,2,1,87,57,35,14,12,6,11,4,3,87,54,30,11,12,7,14,1,14470,3,9010,2009,Spain,Serbia,40.463667,-3.74922,44.016521,21.005859
2009-416,Rome Masters,Clay,56,M,20090427,54,104925,3,NA,Novak Djokovic,R,188,SRB,21.9329226557,103819,2,NA,Roger Federer,R,185,SUI,27.7180013689,4-6 6-3 6-3,3,SF,131,3,6,100,50,32,28,14,8,11,6,3,81,40,29,17,14,3,8,3,9160,2,10060,2009,Serbia,Switzerland,44.016521,21.005859,46.818188,8.227512
2009-416,Rome Masters,Clay,56,M,20090427,55,104745,1,NA,Rafael Nadal,L,185,ESP,22.8993839836,104925,3,NA,Novak Djokovic,R,188,SRB,21.9329226557,7-6(2) 6-2,3,F,123,0,1,70,50,34,11,10,2,4,0,2,66,39,23,13,10,1,5,1,14890,3,9160,2009,Spain,Serbia,40.463667,-3.74922,44.016521,21.005859
2009-422,Cincinnati Masters,Hard,56,M,20090816,54,104925,4,NA,Novak Djokovic,R,188,SRB,22.2395619439,104745,2,NA,Rafael Nadal,L,185,ESP,23.2060232717,6-1 6-4,3,SF,92,5,1,55,36,27,11,9,1,1,1,3,56,35,21,10,8,3,6,4,7150,3,8665,2009,Serbia,Spain,44.016521,21.005859,40.463667,-3.74922
2009-422,Cincinnati Masters,Hard,56,M,20090816,55,103819,1,NA,Roger Federer,R,185,SUI,28.0246406571,104925,4,NA,Novak Djokovic,R,188,SRB,22.2395619439,6-1 7-5,3,F,127,7,0,60,33,28,15,10,3,4,3,1,81,55,33,9,9,11,15,1,11040,4,7150,2009,Switzerland,Serbia,46.818188,8.227512,44.016521,21.005859
2009-560,US Open,Hard,128,G,20090831,125,103819,1,NA,Roger Federer,R,185,SUI,28.0629705681,104925,4,NA,Novak Djokovic,R,188,SRB,22.2778918549,7-6(3) 7-5 7-5,5,SF,154,8,3,109,63,49,28,18,2,3,6,4,115,78,53,20,18,7,10,1,12040,4,7660,2009,Switzerland,Serbia,46.818188,8.227512,44.016521,21.005859
2009-580,Australian Open,Hard,128,G,20090119,127,104745,1,NA,Rafael Nadal,L,185,ESP,22.6310746064,103819,2,NA,Roger Federer,R,185,SUI,27.4496919918,7-5 3-6 7-6(3) 3-6 6-2,5,F,259,4,4,175,112,74,30,24,13,19,11,6,172,89,65,38,26,9,16,1,13160,2,10700,2009,Spain,Switzerland,40.463667,-3.74922,46.818188,8.227512
2009-605,Tour Finals,Hard,8,F,20091122,14,104925,NA,NA,Novak Djokovic,R,188,SRB,22.507871321,104745,NA,NA,Rafael Nadal,L,185,ESP,23.4743326489,7-6(5) 6-3,3,RR,118,2,3,73,37,29,19,11,4,6,4,1,71,55,33,8,10,2,5,3,7910,2,9205,2009,Serbia,Spain,44.016521,21.005859,40.463667,-3.74922
2009-D008,Davis Cup WG R1: ESP vs SRB,Clay,4,D,20090306,4,104745,NA,NA,Rafael Nadal,L,185,ESP,22.7460643395,104925,NA,NA,Novak Djokovic,R,188,SRB,21.7796030116,6-4 6-4 6-1,5,RR,NA,NA,NA,NA,NA,NA,NA,NA,NA,NA,NA,NA,NA,NA,NA,NA,NA,NA,NA,1,14360,3,9420,2009,Spain,Serbia,40.463667,-3.74922,44.016521,21.005859
2010-1536,Madrid Masters,Clay,56,M,20100509,55,104745,2,NA,Rafael Nadal,L,185,ESP,23.9342915811,103819,1,NA,Roger Federer,R,185,SUI,28.7529089665,6-4 7-6(5),3,F,131,2,2,81,59,32,14,11,8,11,9,0,88,59,35,14,11,7,11,3,6480,1,10430,2010,Spain,Switzerland,40.463667,-3.74922,46.818188,8.227512
2010-421,Canada Masters,Hard,56,M,20100809,54,103819,3,NA,Roger Federer,R,185,SUI,29.0020533881,104925,2,NA,Novak Djokovic,R,188,SRB,23.2169746749,6-1 3-6 7-5,3,SF,142,11,2,95,55,40,17,14,6,9,1,3,118,81,46,18,14,7,12,3,6795,2,6905,2010,Switzerland,Serbia,46.818188,8.227512,44.016521,21.005859
2010-560,US Open,Hard,128,G,20100830,126,104925,3,NA,Novak Djokovic,R,188,SRB,23.2744695414,103819,2,NA,Roger Federer,R,185,SUI,29.0595482546,5-7 6-1 5-7 6-2 7-5,5,SF,224,4,3,151,94,64,36,26,4,7,12,5,160,84,62,35,25,6,12,3,6665,2,7215,2010,Serbia,Switzerland,44.016521,21.005859,46.818188,8.227512
2010-560,US Open,Hard,128,G,20100830,127,104745,1,NA,Rafael Nadal,L,185,ESP,24.2409308693,104925,3,NA,Novak Djokovic,R,188,SRB,23.2744695414,6-4 5-7 6-4 6-2,5,F,223,8,2,112,75,55,21,20,1,4,5,4,143,94,61,22,20,20,25,1,10745,3,6665,2010,Spain,Serbia,40.463667,-3.74922,44.016521,21.005859
2010-5014,Shanghai Masters,Hard,56,M,20101010,54,103819,3,NA,Roger Federer,R,185,SUI,29.1745379877,104925,2,NA,Novak Djokovic,R,188,SRB,23.3894592745,7-5 6-4,3,SF,102,7,3,73,45,34,15,11,4,5,4,4,75,48,30,15,11,1,4,3,6735,2,7145,2010,Switzerland,Serbia,46.818188,8.227512,44.016521,21.005859
2010-328,Basel,Hard,32,A,20101101,31,103819,1,NA,Roger Federer,R,185,SUI,29.2320328542,104925,2,NA,Novak Djokovic,R,188,SRB,23.446954141,6-4 3-6 6-1,3,F,115,6,4,84,49,39,19,13,4,5,4,2,82,57,37,16,13,5,8,2,7495,3,7145,2010,Switzerland,Serbia,46.818188,8.227512,44.016521,21.005859
2010-605,Tour Finals,Hard,8,F,20101121,4,103819,NA,NA,Roger Federer,R,185,SUI,29.2895277207,104925,NA,NA,Novak Djokovic,R,188,SRB,23.5044490075,6-1 6-4,3,SF,81,4,1,55,34,26,12,9,0,1,2,3,57,35,20,9,8,7,11,2,7645,3,5635,2010,Switzerland,Serbia,46.818188,8.227512,44.016521,21.005859
2010-605,Tour Finals,Hard,8,F,20101121,5,103819,NA,NA,Roger Federer,R,185,SUI,29.2895277207,104745,NA,NA,Rafael Nadal,L,185,ESP,24.4709103354,6-3 3-6 6-1,3,F,98,7,1,64,40,37,14,13,1,2,1,1,66,51,33,10,12,0,3,2,7645,1,11450,2010,Switzerland,Spain,46.818188,8.227512,40.463667,-3.74922
2010-605,Tour Finals,Hard,8,F,20101121,11,104745,NA,NA,Rafael Nadal,L,185,ESP,24.4709103354,104925,NA,NA,Novak Djokovic,R,188,SRB,23.5044490075,7-5 6-2,3,RR,112,6,0,62,33,24,18,10,4,5,7,1,61,39,25,10,10,4,8,1,11450,3,5635,2010,Spain,Serbia,40.463667,-3.74922,44.016521,21.005859
2011-580,Australian Open,Hard,128,G,20110117,126,104925,3,NA,Novak Djokovic,R,188,SRB,23.6577686516,103819,2,NA,Roger Federer,R,185,SUI,29.4428473648,7-6(3) 7-5 6-4,5,SF,180,6,5,125,86,63,16,17,7,10,5,0,105,62,45,20,17,9,14,3,6240,2,9245,2011,Serbia,Switzerland,44.016521,21.005859,46.818188,8.227512
2011-495,Dubai,Hard,32,A,20110221,31,104925,2,NA,Novak Djokovic,R,188,SRB,23.7535934292,103819,1,NA,Roger Federer,R,185,SUI,29.5386721424,6-3 6-3,3,F,72,5,0,49,33,27,9,9,1,2,5,1,58,35,22,9,9,6,10,3,7880,2,7965,2011,Serbia,Switzerland,44.016521,21.005859,46.818188,8.227512
2011-404,Indian Wells Masters,Hard,96,M,20110310,94,104925,3,NA,Novak Djokovic,R,188,SRB,23.7919233402,103819,2,NA,Roger Federer,R,185,SUI,29.5770020534,6-3 3-6 6-2,3,SF,127,3,4,85,57,36,15,13,6,9,1,2,85,48,33,15,13,5,10,3,7800,2,7965,2011,Serbia,Switzerland,44.016521,21.005859,46.818188,8.227512
2011-404,Indian Wells Masters,Hard,96,M,20110310,95,104925,3,NA,Novak Djokovic,R,188,SRB,23.7919233402,104745,1,NA,Rafael Nadal,L,185,ESP,24.758384668,4-6 6-3 6-2,3,F,146,4,4,89,55,41,18,14,6,9,2,0,69,29,20,23,13,3,8,3,7800,1,12390,2011,Serbia,Spain,44.016521,21.005859,40.463667,-3.74922
2011-403,Miami Masters,Hard,96,M,20110323,93,104745,1,NA,Rafael Nadal,L,185,ESP,24.7967145791,103819,3,NA,Roger Federer,R,185,SUI,29.6153319644,6-3 6-2,3,SF,79,0,0,45,34,28,7,8,2,2,6,1,58,35,20,11,9,1,5,1,12630,3,8280,2011,Spain,Switzerland,40.463667,-3.74922,46.818188,8.227512
2011-403,Miami Masters,Hard,96,M,20110323,95,104925,2,NA,Novak Djokovic,R,188,SRB,23.8302532512,104745,1,NA,Rafael Nadal,L,185,ESP,24.7967145791,4-6 6-3 7-6(4),3,F,202,3,0,95,54,36,29,16,2,4,5,6,110,66,46,20,15,7,9,2,8710,1,12630,2011,Serbia,Spain,44.016521,21.005859,40.463667,-3.74922
2011-1536,Madrid Masters,Clay,56,M,20110501,53,104745,1,NA,Rafael Nadal,L,185,ESP,24.9117043121,103819,3,NA,Roger Federer,R,185,SUI,29.7303216975,5-7 6-1 6-3,3,SF,156,1,0,101,82,55,10,14,9,11,0,1,103,63,41,16,14,7,12,1,11915,3,8690,2011,Spain,Switzerland,40.463667,-3.74922,46.818188,8.227512
2011-1536,Madrid Masters,Clay,56,M,20110501,55,104925,2,NA,Novak Djokovic,R,188,SRB,23.9452429843,104745,1,NA,Rafael Nadal,L,185,ESP,24.9117043121,7-5 6-4,3,F,138,3,1,58,33,23,13,11,3,6,3,0,75,52,29,9,11,7,12,2,9710,1,11915,2011,Serbia,Spain,44.016521,21.005859,40.463667,-3.74922
2011-416,Rome Masters,Clay,56,M,20110508,55,104925,2,NA,Novak Djokovic,R,188,SRB,23.9644079398,104745,1,NA,Rafael Nadal,L,185,ESP,24.9308692676,6-4 6-4,3,F,133,0,1,61,46,31,7,10,1,3,2,1,69,49,33,5,10,7,11,2,10665,1,12470,2011,Serbia,Spain,44.016521,21.005859,40.463667,-3.74922
2011-520,Roland Garros,Clay,128,G,20110522,126,103819,3,NA,Roger Federer,R,185,SUI,29.787816564,104925,2,NA,Novak Djokovic,R,188,SRB,24.0027378508,7-6(5) 6-3 3-6 7-6(5),5,SF,219,18,2,141,91,70,25,21,9,13,7,2,168,112,67,34,21,21,25,3,8390,2,11665,2011,Switzerland,Serbia,46.818188,8.227512,44.016521,21.005859
2011-520,Roland Garros,Clay,128,G,20110522,127,104745,1,NA,Rafael Nadal,L,185,ESP,24.9691991786,103819,3,NA,Roger Federer,R,185,SUI,29.787816564,7-5 7-6(3) 5-7 6-1,5,F,220,4,3,147,106,69,21,22,10,15,11,1,126,80,55,18,21,8,15,1,12070,3,8390,2011,Spain,Switzerland,40.463667,-3.74922,46.818188,8.227512
2011-540,Wimbledon,Grass,128,G,20110620,127,104925,2,NA,Novak Djokovic,R,188,SRB,24.0793976728,104745,1,NA,Rafael Nadal,L,185,ESP,25.0458590007,6-4 6-1 1-6 6-3,5,F,148,7,1,95,69,50,14,17,3,6,5,1,82,64,43,8,16,1,6,2,12005,1,12070,2011,Serbia,Spain,44.016521,21.005859,40.463667,-3.74922
2011-560,US Open,Hard,128,G,20110829,125,104925,1,NA,Novak Djokovic,R,188,SRB,24.2710472279,103819,3,NA,Roger Federer,R,185,SUI,30.0561259411,6-7(7) 4-6 6-3 6-2 7-5,5,SF,231,8,6,140,82,68,32,26,2,5,11,4,164,101,68,35,25,6,12,1,13920,3,8380,2011,Serbia,Switzerland,44.016521,21.005859,46.818188,8.227512
2011-560,US Open,Hard,128,G,20110829,127,104925,1,NA,Novak Djokovic,R,188,SRB,24.2710472279,104745,2,NA,Rafael Nadal,L,185,ESP,25.2375085558,6-2 6-4 6-7(3) 6-1,5,F,250,7,1,127,84,55,19,19,8,14,2,3,141,96,50,19,18,15,27,1,13920,2,11420,2011,Serbia,Spain,44.016521,21.005859,40.463667,-3.74922
2011-605,Tour Finals,Hard,16,F,20111120,2,103819,NA,NA,Roger Federer,R,185,SUI,30.2861054073,104745,NA,NA,Rafael Nadal,L,185,ESP,25.4674880219,6-3 6-0,3,RR,61,6,1,40,27,23,9,8,0,0,1,0,41,30,14,5,7,2,6,4,6670,2,9375,2011,Switzerland,Spain,46.818188,8.227512,40.463667,-3.74922
2012-580,Australian Open,Hard,128,G,20120116,126,104745,2,NA,Rafael Nadal,L,185,ESP,25.620807666,103819,3,NA,Roger Federer,R,185,SUI,30.4394250513,6-7(5) 6-2 7-6(5) 6-4,5,SF,222,4,1,141,109,75,20,21,7,10,11,5,135,86,57,27,21,10,16,2,9595,3,8010,2012,Spain,Switzerland,40.463667,-3.74922,46.818188,8.227512
2012-580,Australian Open,Hard,128,G,20120116,127,104925,1,NA,Novak Djokovic,R,188,SRB,24.6543463381,104745,2,NA,Rafael Nadal,L,185,ESP,25.620807666,5-7 6-4 6-2 6-7(5) 7-5,5,F,353,9,2,166,98,67,43,27,2,6,10,4,203,135,88,32,27,13,20,1,13630,2,9595,2012,Serbia,Spain,44.016521,21.005859,40.463667,-3.74922
2012-404,Indian Wells Masters,Hard,96,M,20120308,94,103819,3,NA,Roger Federer,R,185,SUI,30.5735797399,104745,2,NA,Rafael Nadal,L,185,ESP,25.7549623546,6-3 6-4,3,SF,92,6,2,56,36,23,13,10,2,4,0,2,56,40,23,7,9,2,6,3,8710,2,10415,2012,Switzerland,Spain,46.818188,8.227512,40.463667,-3.74922
2012-410,Monte Carlo Masters,Clay,56,M,20120415,55,104745,2,NA,Rafael Nadal,L,185,ESP,25.8699520876,104925,1,NA,Novak Djokovic,R,188,SRB,24.9034907598,6-3 6-1,3,F,79,3,1,38,26,22,6,8,0,1,0,0,48,30,12,10,8,3,8,2,9215,1,12670,2012,Spain,Serbia,40.463667,-3.74922,44.016521,21.005859
2012-416,Rome Masters,Clay,56,M,20120513,53,104925,1,NA,Novak Djokovic,R,188,SRB,24.9801505818,103819,3,NA,Roger Federer,R,185,SUI,30.765229295,6-2 7-6(4),3,SF,100,1,1,66,38,31,16,10,0,1,6,0,65,32,25,16,10,3,6,1,11200,2,9430,2012,Serbia,Switzerland,44.016521,21.005859,46.818188,8.227512
2012-416,Rome Masters,Clay,56,M,20120513,55,104745,2,NA,Rafael Nadal,L,185,ESP,25.9466119097,104925,1,NA,Novak Djokovic,R,188,SRB,24.9801505818,7-5 6-3,3,F,141,0,0,69,39,27,17,10,6,7,1,4,74,47,32,10,11,3,7,3,9105,1,11200,2012,Spain,Serbia,40.463667,-3.74922,44.016521,21.005859
2012-520,Roland Garros,Clay,128,G,20120527,125,104925,1,NA,Novak Djokovic,R,188,SRB,25.0184804928,103819,3,NA,Roger Federer,R,185,SUI,30.803559206,6-4 7-5 6-3,5,SF,125,6,2,91,62,45,14,16,4,8,9,3,86,48,27,17,15,3,10,1,11800,3,9790,2012,Serbia,Switzerland,44.016521,21.005859,46.818188,8.227512
2012-520,Roland Garros,Clay,128,G,20120527,127,104745,2,NA,Rafael Nadal,L,185,ESP,25.9849418207,104925,1,NA,Novak Djokovic,R,188,SRB,25.0184804928,6-4 6-3 2-6 7-5,5,F,229,4,4,118,73,45,24,19,3,10,3,4,123,73,45,22,20,8,17,2,10060,1,11800,2012,Spain,Serbia,40.463667,-3.74922,44.016521,21.005859
2012-540,Wimbledon,Grass,128,G,20120625,125,103819,3,NA,Roger Federer,R,185,SUI,30.8802190281,104925,1,NA,Novak Djokovic,R,188,SRB,25.0951403149,6-3 3-6 6-4 6-3,5,SF,139,12,0,101,65,49,26,19,2,3,9,2,115,73,52,24,18,8,11,3,9435,1,12280,2012,Switzerland,Serbia,46.818188,8.227512,44.016521,21.005859
2012-422,Cincinnati Masters,Hard,56,M,20120812,55,103819,1,NA,Roger Federer,R,185,SUI,31.0143737166,104925,2,NA,Novak Djokovic,R,188,SRB,25.2292950034,6-0 7-6(7),3,F,80,8,1,56,33,27,15,9,0,0,2,5,61,35,23,13,9,1,4,1,11345,2,11270,2012,Switzerland,Serbia,46.818188,8.227512,44.016521,21.005859
2012-605,Tour Finals,Hard,8,F,20121105,515,104925,1,NA,Novak Djokovic,R,188,SRB,25.4592744695,103819,2,NA,Roger Federer,R,185,SUI,31.2443531828,7-6(6) 7-5,3,F,135,6,2,98,68,43,14,12,4,7,8,2,93,57,35,19,12,3,7,1,11420,2,9465,2012,Serbia,Switzerland,44.016521,21.005859,46.818188,8.227512
2013-404,Indian Wells Masters,Hard,96,M,20130307,92,104745,5,NA,Rafael Nadal,L,185,ESP,26.7515400411,103819,2,NA,Roger Federer,R,185,SUI,31.5701574264,6-4 6-2,3,QF,85,1,2,52,35,27,9,9,1,2,4,0,75,48,30,8,9,7,11,5,6105,2,9535,2013,Spain,Switzerland,40.463667,-3.74922,46.818188,8.227512
2013-410,Monte Carlo Masters,Clay,56,M,20130414,55,104925,1,NA,Novak Djokovic,R,188,SRB,25.9000684463,104745,3,NA,Rafael Nadal,L,185,ESP,26.8665297741,6-2 7-6(1),3,F,112,2,0,61,38,24,14,10,3,6,2,3,78,56,31,7,10,7,12,1,12500,5,6385,2013,Serbia,Spain,44.016521,21.005859,40.463667,-3.74922
2013-416,Rome Masters,Clay,56,M,20130512,55,104745,5,NA,Rafael Nadal,L,185,ESP,26.9431895962,103819,2,NA,Roger Federer,R,185,SUI,31.7618069815,6-1 6-3,3,F,69,1,1,42,31,22,8,8,1,2,3,0,53,30,17,7,8,1,6,5,6895,3,7760,2013,Spain,Switzerland,40.463667,-3.74922,46.818188,8.227512
2013-520,Roland Garros,Clay,128,G,20130527,125,104745,3,NA,Rafael Nadal,L,185,ESP,26.9815195072,104925,1,NA,Novak Djokovic,R,188,SRB,26.0150581793,6-4 3-6 6-1 6-7(3) 9-7,5,SF,277,6,3,160,102,73,35,27,4,9,5,2,175,118,76,30,27,8,16,4,6895,1,12310,2013,Spain,Serbia,40.463667,-3.74922,44.016521,21.005859
2013-421,Canada Masters,Hard,56,M,20130805,53,104745,4,NA,Rafael Nadal,L,185,ESP,27.1731690623,104925,1,NA,Novak Djokovic,R,188,SRB,26.2067077344,6-4 3-6 7-6(2),3,SF,149,7,1,94,66,47,16,15,4,6,8,7,98,63,45,19,16,3,5,4,6860,1,12040,2013,Spain,Serbia,40.463667,-3.74922,44.016521,21.005859
2013-422,Cincinnati Masters,Hard,56,M,20130811,51,104745,4,NA,Rafael Nadal,L,185,ESP,27.1923340178,103819,5,NA,Roger Federer,R,185,SUI,32.0109514031,5-7 6-4 6-3,3,QF,134,3,1,94,69,51,15,16,1,2,4,0,102,65,44,23,15,7,9,3,7860,5,5515,2013,Spain,Switzerland,40.463667,-3.74922,46.818188,8.227512
2013-560,US Open,Hard,128,G,20130826,127,104745,2,NA,Rafael Nadal,L,185,ESP,27.2306639288,104925,1,NA,Novak Djokovic,R,188,SRB,26.264202601,6-2 3-6 6-4 6-1,5,F,201,1,1,121,78,51,24,17,8,11,6,2,102,69,40,16,17,5,11,2,8860,1,10980,2013,Spain,Serbia,40.463667,-3.74922,44.016521,21.005859
2013-747,Beijing,Hard,32,A,20130930,31,104925,1,NA,Novak Djokovic,R,188,SRB,26.3600273785,104745,2,NA,Rafael Nadal,L,185,ESP,27.3264887064,6-3 6-4,3,F,87,5,1,46,33,30,10,10,0,0,2,2,60,39,31,7,9,2,4,1,11120,2,10860,2013,Serbia,Spain,44.016521,21.005859,40.463667,-3.74922
2013-352,Paris Masters,Hard,48,M,20131028,46,104925,2,NA,Novak Djokovic,R,188,SRB,26.4366872005,103819,5,NA,Roger Federer,R,185,SUI,32.2217659138,4-6 6-3 6-2,3,SF,121,7,5,92,60,43,17,14,3,5,5,4,89,59,40,12,13,6,10,2,11120,6,4245,2013,Serbia,Switzerland,44.016521,21.005859,46.818188,8.227512
2013-605,Tour Finals,Hard,8,F,20131104,505,104925,2,NA,Novak Djokovic,R,188,SRB,26.4558521561,103819,6,NA,Roger Federer,R,185,SUI,32.2409308693,6-4 6-7(2) 6-2,3,RR,142,9,2,101,57,40,23,15,3,5,5,5,103,56,37,23,15,6,11,2,10610,7,3805,2013,Serbia,Switzerland,44.016521,21.005859,46.818188,8.227512
2013-605,Tour Finals,Hard,8,F,20131104,514,104745,1,NA,Rafael Nadal,L,185,ESP,27.4223134839,103819,6,NA,Roger Federer,R,185,SUI,32.2409308693,7-5 6-3,3,SF,80,2,0,56,43,32,9,10,3,4,6,1,59,39,27,8,11,0,4,1,12030,7,3805,2013,Spain,Switzerland,40.463667,-3.74922,46.818188,8.227512
2013-605,Tour Finals,Hard,8,F,20131104,515,104925,2,NA,Novak Djokovic,R,188,SRB,26.4558521561,104745,1,NA,Rafael Nadal,L,185,ESP,27.4223134839,6-3 6-4,3,F,96,6,0,58,38,26,14,10,2,3,1,4,61,45,26,8,9,8,11,2,10610,1,12030,2013,Serbia,Spain,44.016521,21.005859,40.463667,-3.74922
2014-580,Australian Open,Hard,128,G,20140113,125,104745,1,NA,Rafael Nadal,L,185,ESP,27.613963039,103819,6,NA,Roger Federer,R,185,SUI,32.4325804244,7-6(4) 6-3 6-3,5,SF,144,3,1,86,56,41,22,15,1,2,8,1,105,69,45,18,15,10,14,1,13130,6,4355,2014,Spain,Switzerland,40.463667,-3.74922,46.818188,8.227512
2014-495,Dubai,Hard,32,A,20140224,29,103819,4,NA,Roger Federer,R,185,SUI,32.5475701574,104925,1,NA,Novak Djokovic,R,188,SRB,26.7624914442,3-6 6-3 6-2,3,SF,106,7,0,77,46,35,18,13,5,6,5,2,86,53,36,19,13,4,7,8,4305,2,10580,2014,Switzerland,Serbia,46.818188,8.227512,44.016521,21.005859
2014-404,Indian Wells Masters,Hard,96,M,20140306,95,104925,2,NA,Novak Djokovic,R,188,SRB,26.7816563997,103819,7,NA,Roger Federer,R,185,SUI,32.5667351129,3-6 6-3 7-6(3),3,F,132,6,5,96,62,47,17,15,1,3,6,4,101,64,45,21,15,4,6,2,10260,8,4625,2014,Serbia,Switzerland,44.016521,21.005859,46.818188,8.227512
2014-403,Miami Masters,Hard,96,M,20140319,95,104925,2,NA,Novak Djokovic,R,188,SRB,26.8199863107,104745,1,NA,Rafael Nadal,L,185,ESP,27.7864476386,6-3 6-3,3,F,84,5,0,49,35,30,8,9,1,1,2,1,52,37,22,7,9,1,4,2,10900,1,13130,2014,Serbia,Spain,44.016521,21.005859,40.463667,-3.74922
2014-410,Monte Carlo Masters,Clay,56,M,20140413,54,103819,4,NA,Roger Federer,R,185,SUI,32.681724846,104925,2,NA,Novak Djokovic,R,188,SRB,26.8966461328,7-5 6-2,3,SF,75,3,1,57,40,33,10,10,2,2,2,0,59,40,24,12,10,2,5,4,5355,2,11680,2014,Switzerland,Serbia,46.818188,8.227512,44.016521,21.005859
2014-416,Rome Masters,Clay,56,M,20140511,55,104925,2,NA,Novak Djokovic,R,188,SRB,26.9733059548,104745,1,NA,Rafael Nadal,L,185,ESP,27.9397672827,4-6 6-3 6-3,3,F,139,7,0,72,45,32,15,14,2,6,0,2,93,70,38,10,14,8,14,2,11030,1,12900,2014,Serbia,Spain,44.016521,21.005859,40.463667,-3.74922
2014-520,Roland Garros,Clay,128,G,20140526,127,104745,1,NA,Rafael Nadal,L,185,ESP,27.9780971937,104925,2,NA,Novak Djokovic,R,188,SRB,27.0116358658,3-6 7-5 6-2 6-4,5,F,211,3,4,120,84,61,18,19,6,9,11,3,126,82,59,16,20,4,10,1,12500,2,11850,2014,Spain,Serbia,40.463667,-3.74922,44.016521,21.005859
2014-540,Wimbledon,Grass,128,G,20140623,127,104925,1,NA,Novak Djokovic,R,188,SRB,27.0882956879,103819,4,NA,Roger Federer,R,185,SUI,32.8733744011,6-7(7) 6-4 7-6(4) 5-7 6-4,5,F,236,13,3,174,108,79,43,28,4,7,29,5,192,133,102,26,28,11,15,2,12330,4,4945,2014,Serbia,Switzerland,44.016521,21.005859,46.818188,8.227512
2014-5014,Shanghai Masters,Hard,56,M,20141005,53,103819,3,NA,Roger Federer,R,185,SUI,33.1608487337,104925,1,NA,Novak Djokovic,R,188,SRB,27.3757700205,6-4 6-4,3,SF,96,8,1,72,51,35,13,10,1,1,5,0,77,53,32,13,10,8,10,3,8170,1,12150,2014,Switzerland,Serbia,46.818188,8.227512,44.016521,21.005859
2014-605,Tour Finals,Hard,8,F,20141109,515,104925,1,NA,Novak Djokovic,R,188,SRB,27.4715947981,103819,2,NA,Roger Federer,R,185,SUI,33.2566735113,W/O,3,F,NA,NA,NA,NA,NA,NA,NA,NA,NA,NA,NA,NA,NA,NA,NA,NA,NA,NA,NA,1,10010,2,8700,2014,Serbia,Switzerland,44.016521,21.005859,46.818188,8.227512
2015-495,Dubai,Hard,32,A,20150223,31,103819,2,NA,Roger Federer,R,185,SUI,33.5441478439,104925,1,NA,Novak Djokovic,R,188,SRB,27.7590691307,6-3 7-5,3,F,84,12,1,79,51,41,11,11,7,7,1,2,62,39,27,12,10,0,2,2,9205,1,13045,2015,Switzerland,Serbia,46.818188,8.227512,44.016521,21.005859
2015-404,Indian Wells Masters,Hard,96,M,20150312,95,104925,1,NA,Novak Djokovic,R,188,SRB,27.7973990418,103819,2,NA,Roger Federer,R,185,SUI,33.582477755,6-3 6-7(5) 6-2,3,F,138,8,5,101,61,47,21,15,8,10,6,3,98,57,41,15,14,8,13,1,13205,2,9205,2015,Serbia,Switzerland,44.016521,21.005859,46.818188,8.227512
2015-410,Monte Carlo Masters,Clay,56,M,20150412,53,104925,1,NA,Novak Djokovic,R,188,SRB,27.8932238193,104745,3,NA,Rafael Nadal,L,185,ESP,28.8596851472,6-3 6-3,3,SF,98,1,0,57,43,31,8,9,2,3,2,3,66,43,25,11,9,6,10,1,13205,5,5255,2015,Serbia,Spain,44.016521,21.005859,40.463667,-3.74922
2015-416,Rome Masters,Clay,56,M,20150510,55,104925,1,NA,Novak Djokovic,R,188,SRB,27.9698836413,103819,2,NA,Roger Federer,R,185,SUI,33.7549623546,6-4 6-3,3,F,76,5,1,53,38,32,10,10,1,1,7,1,62,39,30,8,9,3,5,1,13845,2,8645,2015,Serbia,Switzerland,44.016521,21.005859,46.818188,8.227512
2015-520,Roland Garros,Clay,128,G,20150524,121,104925,1,NA,Novak Djokovic,R,188,SRB,28.0082135524,104745,6,NA,Rafael Nadal,L,185,ESP,28.9746748802,7-5 6-3 6-1,5,QF,146,3,0,80,50,38,18,14,3,5,3,2,93,56,33,14,14,11,18,1,13845,7,4570,2015,Serbia,Spain,44.016521,21.005859,40.463667,-3.74922
2015-540,Wimbledon,Grass,128,G,20150629,127,104925,1,NA,Novak Djokovic,R,188,SRB,28.1040383299,103819,2,NA,Roger Federer,R,185,SUI,33.8891170431,7-6(1) 6-7(10) 6-4 6-3,5,F,176,13,1,145,95,70,30,21,6,7,14,3,141,94,70,23,22,6,10,1,13845,2,9665,2015,Serbia,Switzerland,44.016521,21.005859,46.818188,8.227512
2015-422,Cincinnati Masters,Hard,56,M,20150816,55,103819,2,NA,Roger Federer,R,185,SUI,34.0232717317,104925,1,NA,Novak Djokovic,R,188,SRB,28.2381930185,7-6(1) 6-3,3,F,90,7,2,61,35,29,19,11,0,0,5,4,79,47,33,15,10,7,8,3,8065,1,14265,2015,Switzerland,Serbia,46.818188,8.227512,44.016521,21.005859
2015-560,US Open,Hard,128,G,20150831,127,104925,1,NA,Novak Djokovic,R,188,SRB,28.2765229295,103819,2,NA,Roger Federer,R,185,SUI,34.0616016427,6-4 5-7 6-4 6-4,5,F,200,3,5,155,96,63,32,21,19,23,11,5,137,87,62,23,21,7,13,1,14865,2,9065,2015,Serbia,Switzerland,44.016521,21.005859,46.818188,8.227512
2015-747,Beijing,Hard,32,A,20151005,31,104925,1,NA,Novak Djokovic,R,188,SRB,28.372347707,104745,3,NA,Rafael Nadal,L,185,ESP,29.3388090349,6-2 6-2,3,F,91,7,0,57,47,33,5,8,2,2,0,1,48,34,19,5,8,1,5,1,15645,8,3770,2015,Serbia,Spain,44.016521,21.005859,40.463667,-3.74922
2015-328,Basel,Hard,32,A,20151026,31,103819,1,NA,Roger Federer,R,185,SUI,34.2149212868,104745,3,NA,Rafael Nadal,L,185,ESP,29.3963039014,6-3 5-7 6-3,3,F,123,12,2,90,61,46,17,15,2,3,0,3,90,61,40,18,15,4,7,3,7930,7,4330,2015,Switzerland,Spain,46.818188,8.227512,40.463667,-3.74922
2015-605,Tour Finals,Hard,8,F,20151115,506,103819,3,NA,Roger Federer,R,185,SUI,34.2724161533,104925,1,NA,Novak Djokovic,R,188,SRB,28.4873374401,7-5 6-2,3,RR,NA,6,2,52,36,27,12,10,2,3,2,1,64,47,24,12,10,4,8,3,7340,1,15285,2015,Switzerland,Serbia,46.818188,8.227512,44.016521,21.005859
2015-605,Tour Finals,Hard,8,F,20151115,514,104925,1,NA,Novak Djokovic,R,188,SRB,28.4873374401,104745,5,NA,Rafael Nadal,L,185,ESP,29.453798768,6-3 6-3,3,SF,NA,4,1,46,28,25,11,9,0,0,3,0,53,37,20,11,9,2,5,1,15285,5,4630,2015,Serbia,Spain,44.016521,21.005859,40.463667,-3.74922
2015-605,Tour Finals,Hard,8,F,20151115,515,104925,1,NA,Novak Djokovic,R,188,SRB,28.4873374401,103819,3,NA,Roger Federer,R,185,SUI,34.2724161533,6-3 6-4,3,F,80,5,0,56,37,23,16,9,2,2,6,2,59,38,27,9,10,6,9,1,15285,3,7340,2015,Serbia,Switzerland,44.016521,21.005859,46.818188,8.227512
2016-0451,Doha,Hard,32,A,20160104,300,104925,1,NA,Novak Djokovic,R,188,SRB,28.6214921287,104745,2,NA,Rafael Nadal,L,185,ESP,29.5879534565,6-1 6-2,3,F,73,4,1,44,33,26,8,8,1,1,3,1,43,28,14,6,7,3,7,1,16585,5,5230,2016,Serbia,Spain,44.016521,21.005859,40.463667,-3.74922
2016-580,Australian Open,Hard,128,G,20160118,224,104925,1,NA,Novak Djokovic,R,188,SRB,28.6598220397,103819,3,NA,Roger Federer,R,185,SUI,34.4449007529,6-1 6-2 3-6 6-3,5,SF,139,10,1,97,65,50,21,17,3,4,5,1,100,57,35,21,16,4,9,1,16790,3,8165,2016,Serbia,Switzerland,44.016521,21.005859,46.818188,8.227512
2016-M006,Indian Wells Masters,Hard,128,M,20160307,318,104925,1,NA,Novak Djokovic,R,188,SRB,28.7939767283,104745,4,NA,Rafael Nadal,L,185,ESP,29.7604380561,7-6(5) 6-2,3,SF,118,2,3,60,42,30,11,10,1,2,2,0,93,74,40,11,10,9,12,1,16540,5,4810,2016,Serbia,Spain,44.016521,21.005859,40.463667,-3.74922
2016-M009,Rome Masters,Clay,64,M,20160509,297,104925,1,NA,Novak Djokovic,R,188,SRB,28.9664613279,104745,5,NA,Rafael Nadal,L,185,ESP,29.9329226557,7-5 7-6(4),3,QF,144,3,2,79,56,36,15,12,1,3,2,1,92,76,45,11,12,6,9,1,16550,5,5675,2016,Serbia,Spain,44.016521,21.005859,40.463667,-3.74922
2017-580,Australian Open,Hard,128,G,20170116,226,103819,17,NA,Roger Federer,R,185,SUI,35.4414784394,104745,9,NA,Rafael Nadal,L,185,ESP,30.6228610541,6-4 3-6 6-1 3-6 6-3,5,F,217,20,3,138,85,65,26,22,13,17,4,3,151,110,69,23,22,14,20,17,1980,9,3195,2017,Switzerland,Spain,46.818188,8.227512,40.463667,-3.74922
2017-M006,Indian Wells Masters,Hard,128,M,20170306,287,103819,9,NA,Roger Federer,R,185,SUI,35.575633128,104745,5,NA,Rafael Nadal,L,185,ESP,30.7570157426,6-2 6-3,3,R16,68,5,1,45,25,19,15,8,1,1,2,0,54,32,18,13,9,1,5,10,3305,6,4415,2017,Switzerland,Spain,46.818188,8.227512,40.463667,-3.74922
2017-M007,Miami Masters,Hard,128,M,20170320,300,103819,4,NA,Roger Federer,R,185,SUI,35.613963039,104745,5,NA,Rafael Nadal,L,185,ESP,30.7953456537,6-3 6-4,3,F,94,5,1,62,39,34,11,10,4,4,4,1,65,41,27,12,9,7,9,6,4305,7,4145,2017,Switzerland,Spain,46.818188,8.227512,40.463667,-3.74922
2017-M021,Madrid Masters,Clay,64,M,20170508,298,104745,4,NA,Rafael Nadal,L,185,ESP,30.9295003422,104925,2,NA,Novak Djokovic,R,188,SRB,29.9630390144,6-2 6-4,3,SF,98,2,1,57,36,28,10,9,1,2,4,2,56,39,22,7,9,2,6,5,4375,2,7085,2017,Spain,Serbia,40.463667,-3.74922,44.016521,21.005859
2017-5014,Shanghai Masters,Hard,64,M,20171009,300,103819,2,NA,Roger Federer,R,185,SUI,36.1697467488,104745,1,NA,Rafael Nadal,L,185,ESP,31.3511293634,6-4 6-3,3,F,72,10,0,44,30,25,11,9,0,0,4,0,61,45,28,8,10,4,7,2,7505,1,9875,2017,Switzerland,Spain,46.818188,8.227512,40.463667,-3.74922
2018-M009,Rome Masters,Clay,64,M,20180514,299,104745,1,NA,Rafael Nadal,L,185,ESP,31.9452429843,104925,11,NA,Novak Djokovic,R,188,SRB,30.9787816564,7-6(4) 6-3,3,SF,116,1,2,65,39,25,18,10,2,3,4,0,63,45,27,11,11,2,5,2,7950,18,1905,2018,Spain,Serbia,40.463667,-3.74922,44.016521,21.005859
2018-540,Wimbledon,Grass,128,G,20180702,225,104925,12,NA,Novak Djokovic,R,188,SRB,31.112936345,104745,2,NA,Rafael Nadal,L,185,ESP,32.0793976728,6-4 3-6 7-6(9) 3-6 10-8,5,SF,315,23,4,176,125,95,24,29,7,11,9,4,210,150,100,34,30,15,19,21,1715,1,8770,2018,Serbia,Spain,44.016521,21.005859,40.463667,-3.74922
2018-M024,Cincinnati Masters,Hard,64,M,20180813,300,104925,10,NA,Novak Djokovic,R,188,SRB,31.227926078,103819,2,NA,Roger Federer,R,185,SUI,37.0130047912,6-4 6-4,3,F,84,4,2,53,35,25,14,10,0,1,11,4,77,45,30,15,10,3,6,10,3445,2,6480,2018,Serbia,Switzerland,44.016521,21.005859,46.818188,8.227512
2018-0352,Paris Masters,Hard,64,M,20181029,298,104925,2,NA,Novak Djokovic,R,188,SRB,31.4387405886,103819,3,NA,Roger Federer,R,185,SUI,37.2238193018,7-6(6) 5-7 7-6(3),3,SF,182,8,0,113,76,56,28,18,1,2,17,2,139,93,69,25,18,12,12,2,7445,3,6260,2018,Serbia,Switzerland,44.016521,21.005859,46.818188,8.227512
2019-580,Australian Open,Hard,128,G,20190114,226,104925,1,NA,Novak Djokovic,R,188,SRB,31.6495550992,104745,2,NA,Rafael Nadal,L,185,ESP,32.6160164271,6-3 6-2 6-3,5,F,124,8,0,69,50,40,16,13,1,1,3,2,73,47,24,16,13,3,8,1,9135,2,7480,2019,Serbia,Spain,44.016521,21.005859,40.463667,-3.74922
2019-M006,Indian Wells Masters,Hard,128,M,20190304,298,103819,4,NA,Roger Federer,R,185,SUI,37.568788501,104745,2,NA,Rafael Nadal,L,185,ESP,32.7501711157,W/O,3,SF,NA,NA,NA,NA,NA,NA,NA,NA,NA,NA,NA,NA,NA,NA,NA,NA,NA,NA,NA,4,4600,2,8365,2019,Switzerland,Spain,46.818188,8.227512,40.463667,-3.74922
2019-M009,Rome Masters,Clay,64,M,20190513,300,104745,2,NA,Rafael Nadal,L,185,ESP,32.9418206708,104925,1,NA,Novak Djokovic,R,188,SRB,31.9753593429,6-0 4-6 6-1,3,F,145,0,0,66,48,35,11,11,1,2,7,1,96,72,43,7,12,11,17,2,7945,1,12115,2019,Spain,Serbia,40.463667,-3.74922,44.016521,21.005859
2019-520,Roland Garros,Clay,128,G,20190527,1602,104745,2,NA,Rafael Nadal,L,185,ESP,32.9801505818,103819,3,NA,Roger Federer,R,185,SUI,37.7987679671,6-3 6-4 6-2,5,SF,145,3,1,88,72,49,9,14,2,4,3,1,93,55,34,15,13,10,16,2,7945,3,5950,2019,Spain,Switzerland,40.463667,-3.74922,46.818188,8.227512
2019-540,Wimbledon,Grass,128,G,20190701,225,103819,2,NA,Roger Federer,R,185,SUI,37.8945927447,104745,3,NA,Rafael Nadal,L,185,ESP,33.0759753593,7-6(3) 1-6 6-3 6-4,5,SF,182,14,1,116,79,58,23,19,6,8,10,4,127,81,60,22,20,8,10,3,6620,2,7945,2019,Switzerland,Spain,46.818188,8.227512,40.463667,-3.74922
2019-540,Wimbledon,Grass,128,G,20190701,226,104925,1,NA,Novak Djokovic,R,188,SRB,32.1095140315,103819,2,NA,Roger Federer,R,185,SUI,37.8945927447,7-6(5) 1-6 7-6(4) 4-6 13-12,5,F,297,10,9,219,136,101,39,34,6,13,25,6,203,127,100,39,34,5,8,1,12415,3,6620,2019,Serbia,Switzerland,44.016521,21.005859,46.818188,8.227512
2019-0605,Tour Finals,Hard,8,F,20191111,291,103819,3,NA,Roger Federer,R,185,SUI,38.2587268994,104925,2,NA,Novak Djokovic,R,188,SRB,32.4736481862,6-4 6-3,3,RR,73,12,2,49,36,29,9,9,1,1,2,3,62,46,26,7,10,4,7,3,6190,2,8945,2019,Switzerland,Serbia,46.818188,8.227512,44.016521,21.005859
2020-8888,Atp Cup,Hard,24,A,20200106,300,104925,NA,NA,Novak Djokovic,R,188,SRB,32.6269678303,104745,NA,NA,Rafael Nadal,L,185,ESP,33.5934291581,6-2 7-6(4),3,F,115,12,2,64,49,41,9,10,5,5,5,3,70,51,39,6,10,6,8,2,9055,1,9985,2020,Serbia,Spain,44.016521,21.005859,40.463667,-3.74922
2020-580,Australian Open,Hard,128,G,20200120,225,104925,2,NA,Novak Djokovic,R,188,SRB,32.6652977413,103819,3,NA,Roger Federer,R,185,SUI,38.4503764545,7-6(1) 6-4 6-3,5,SF,138,11,1,102,74,54,15,16,5,7,15,3,104,68,45,15,15,7,11,2,9720,3,6590,2020,Serbia,Switzerland,44.016521,21.005859,46.818188,8.227512
2020-520,Roland Garros,Clay,128,G,20200928,1701,104745,1,NA,Rafael Nadal,L,185,ESP,34.3216974675,104925,2,NA,Novak Djokovic,R,188,SRB,33.3552361396,6-0 6-2 7-5,5,F,161,4,1,84,55,37,19,13,4,5,1,4,99,66,33,16,13,11,18,2,9850,1,11260,2020,Spain,Serbia,40.463667,-3.74922,44.016521,21.005859
